COMMUNITY,Fish_kg,MarineMammals_kg,MarineInverts_kg,LATITUDE,LONGITUDE,total_kg,Region
ADAK,804.227216283338748,4.666666666666667,0.000000000000000,51.840182200000001,-176.566001300000011,808.893882950005377,Aleutian
AFOGNAK,275.625000000000000,0.000000000000000,0.000000000000000,58.007779999999997,-152.768059999999991,275.625000000000000,SCAK
AKHIOK,620.623041640898805,0.000000000000000,1171.201814058956870,56.949573200000003,-154.214274999999986,1791.824855699855561,SCAK
AKUTAN,2026.584112811791329,0.875000000000000,1299.319727891156390,54.138195699999997,-165.790809599999989,3326.778840702947491,SCAK
ALAKANUK,25528.193181818180165,5525.000000000000000,0.000000000000000,62.711160399999997,-164.644712300000009,31053.193181818180165,West
ALEKNAGIK,7342.172619047619264,660.000000000000000,48.072562358276642,59.288960899999999,-158.664342799999986,8050.245181405895892,West
ANCHOR POINT,417.831274615109180,0.000000000000000,1152.380952380952294,59.750978600000003,-151.702152600000005,1570.212226996061418,SCAK
ANCHORAGE,125730.001133786849095,646.636363636363626,0.000000000000000,61.177548999999999,-149.274354100000011,126376.637497423216701,SCAK
ANGOON,11376.920861678005167,1.400000000000000,8016.780045351473746,57.440716799999997,-134.477711800000009,19395.100907029478549,SEAK
ANNETTE ISLAND,36.000000000000000,0.000000000000000,0.000000000000000,55.134999999999998,-131.455800000000011,36.000000000000000,SEAK
ATKA,229.690638160025912,1.000000000000000,200.907029478458043,52.213091100000000,-174.215643000000000,431.597667638483927,Aleutian
ATQASUK,20.649999999999999,540.000000000000000,0.000000000000000,70.480785900000001,-157.325459200000012,560.649999999999977,North
BARROW,940.918625025767938,10318.636363636363967,0.000000000000000,71.254083499999993,-156.798948999999993,11259.554988662132018,North
BEAR LAKE,549.000000000000000,0.000000000000000,0.000000000000000,60.190530000000003,-149.368529999999993,549.000000000000000,SCAK
BELUGA,266.463151927437650,0.000000000000000,29.478458049886619,61.191294399999997,-151.186027300000006,295.941609977324276,SCAK
BIG LAKE,1968.605263157894797,0.000000000000000,0.000000000000000,61.522025599999999,-149.967885999999993,1968.605263157894797,SCAK
BIRD CREEK,52.035714285714285,0.000000000000000,0.000000000000000,60.973610000000001,-149.465830000000011,52.035714285714285,SCAK
BREVIG MISSION,10136.833333333333940,4698.333333333333030,0.000000000000000,65.343919999999997,-166.508492700000005,14835.166666666667879,West
BUCKLAND,7.500000000000000,5225.000000000000000,0.000000000000000,65.976106299999998,-161.138698699999992,5232.500000000000000,North
BUTTE,352.500000000000000,0.000000000000000,0.000000000000000,61.548882900000002,-148.983285400000000,352.500000000000000,SCAK
CHATHAM,484.000000000000000,0.000000000000000,0.000000000000000,57.515279999999997,-134.943610000000007,484.000000000000000,SEAK
CHEFORNAK,726.472675736961378,378.000000000000000,0.000000000000000,60.151220100000003,-164.251364200000012,1104.472675736961264,West
CHENEGA BAY,1799.240511994271401,19.894736842105264,446.787603930461046,60.091904399999997,-147.994691700000004,2265.922852766837877,SCAK
CHEVAK,61.748453927025359,392.727272727272748,0.000000000000000,61.530883099999997,-165.597175300000004,454.475726654298114,West
CHICKALOON,849.602941176470608,0.000000000000000,0.000000000000000,61.800275200000002,-148.371464000000003,849.602941176470608,SCAK
CHIGNIK,4903.620593692022339,0.636363636363636,1939.682539682539527,56.294355099999997,-158.395643400000012,6843.939497010925152,SCAK
CHIGNIK LAGOON,6136.504560915274851,12.090909090909092,2004.081632653061206,56.304622899999998,-158.498510399999986,8152.677102659245065,SCAK
CHIGNIK LAKE,5922.223613687899160,1.272727272727273,1017.913832199546391,56.271969200000001,-158.789107500000000,6941.410173160173144,SCAK
CLARKS POINT,4001.023080660835603,1047.619047619047706,91.609977324263042,58.833368700000001,-158.528809899999999,5140.252105604145981,West
COFFMAN COVE,1547.141534391534378,14.000000000000000,4743.310657596372039,56.013183499999997,-132.831890299999998,6304.452191987906190,SEAK
COLD BAY,1582.175028344671091,6.300000000000000,0.000000000000000,55.215582599999998,-162.776106599999991,1588.475028344671045,SCAK
COOPER LANDING,584.176643990929733,0.000000000000000,265.759637188208615,60.496223200000003,-149.824072400000006,849.936281179138405,SCAK
CORDOVA,12909.443472627146548,1344.000000000000000,5585.124716553287726,60.530138000000001,-145.642064900000008,19838.568189180434274,SCAK
CRAIG,19464.056096681095369,264.727272727272748,22877.551020408162003,55.492519799999997,-133.113359500000001,42606.334389816533076,SEAK
CUBE COVE,162.000000000000000,0.000000000000000,0.000000000000000,57.561199999999999,-134.431000000000012,162.000000000000000,SEAK
DEERING,3772.427721088435192,2470.000000000000000,12.244897959183673,66.069313300000005,-162.768610400000000,6254.672619047619264,North
DILLINGHAM,90843.027442795297247,2416.545454545454504,4923.809523809523853,59.054951199999998,-158.540657199999998,98183.382421150279697,West
DIOMEDE,0.000000000000000,21142.222222222222626,0.000000000000000,65.753769100000000,-168.923151200000007,21142.222222222222626,North
EDNA BAY,970.138416477702208,0.000000000000000,392.290249433106567,55.975660200000000,-133.684364899999991,1362.428665910808832,SEAK
EEK,25147.860571212611831,576.190476190476147,0.000000000000000,60.214050200000003,-162.030482900000010,25724.051047403088887,West
EGEGIK,6223.347222222222626,121.666666666666671,0.000000000000000,58.205147500000002,-157.521977700000008,6345.013888888889596,West
EKLUTNA,29.250000000000000,0.000000000000000,0.000000000000000,61.372259999999997,-149.030669999999986,29.250000000000000,SCAK
EKUK,356.800000000000011,0.000000000000000,0.000000000000000,58.814990000000002,-158.557680000000005,356.800000000000011,West
ELFIN COVE,303.439590419501144,0.000000000000000,0.000000000000000,58.191175100000002,-136.312524499999995,303.439590419501144,SEAK
ELIM,14418.920454545454049,9060.909090909090082,0.000000000000000,64.618385099999998,-162.273386399999993,23479.829545454544132,West
ELLAMAR,175.750000000000000,0.000000000000000,0.000000000000000,60.895560000000003,-146.697499999999991,175.750000000000000,SCAK
EMMONAK,50277.868421052633494,10333.157894736841627,0.000000000000000,62.785414500000002,-164.552448499999997,60611.026315789473301,West
EXCURSION INLET,240.500000000000000,0.000000000000000,0.000000000000000,58.414564700000000,-135.345711399999999,240.500000000000000,SEAK
FALSE PASS,3340.546626984127215,0.000000000000000,0.000000000000000,54.872441100000003,-163.334267899999986,3340.546626984127215,SCAK
FRITZ CREEK,274.542800453514758,0.000000000000000,1482.086167800453495,59.746819400000000,-151.288707600000009,1756.628968253968196,SCAK
GAMBELL,402.615646258503375,273925.714285714260768,0.000000000000000,63.777201099999999,-171.725710099999986,274328.329931972781196,West
GAME CREEK,541.496598639455783,0.000000000000000,1063.945578231292529,58.050104800000000,-135.512547500000011,1605.442176870748426,SEAK
GOLOVIN,8655.289473684209952,723.684210526315837,0.000000000000000,64.563666900000001,-163.001003099999991,9378.973684210526699,West
GOODNEWS BAY,11356.566666666665697,108.000000000000000,0.000000000000000,59.128712600000000,-161.575656199999997,11464.566666666665697,West
GUSTAVUS,1682.372661564625787,0.000000000000000,0.000000000000000,58.422403500000001,-135.763034500000003,1682.372661564625787,SEAK
HAINES,39226.310544217689312,0.000000000000000,10477.097505668933081,59.260868100000003,-135.472371000000010,49703.408049886624212,SEAK
HALIBUT COVE,47.250000000000000,0.000000000000000,0.000000000000000,59.573671800000000,-151.224192399999993,47.250000000000000,SCAK
HOLLIS,778.217049319727835,0.000000000000000,3741.496598639455442,55.518490499999999,-132.744791700000007,4519.713647959183618,SEAK
HOMER,2841.865491651205957,95.818181818181813,0.000000000000000,59.639984900000002,-151.511233699999991,2937.683673469387941,SCAK
HOONAH,13758.830473098330913,207.454545454545467,24028.117913832200429,58.110819800000002,-135.425470899999993,37994.402932385077293,SEAK
HOOPER BAY,29706.191501997625892,17322.857142857141298,0.000000000000000,61.535468999999999,-166.121735300000012,47029.048644854767190,West
HOPE,161.258624878522852,0.000000000000000,275.283446712018133,60.886124500000001,-149.632991199999992,436.542071590541013,SCAK
HOUSTON,365.597222222222229,0.000000000000000,0.000000000000000,61.616514700000003,-149.771769400000011,365.597222222222229,SCAK
HYDABURG,10099.033419717092329,122.000000000000000,18454.421768707481533,55.204120199999998,-132.818341000000004,28675.455188424573862,SEAK
HYDER,713.455215419501087,0.000000000000000,0.000000000000000,55.983312800000000,-130.041841500000004,713.455215419501087,SEAK
IVANOF BAY,2418.750000000000000,0.000000000000000,0.000000000000000,55.918199299999998,-159.493298399999986,2418.750000000000000,SCAK
JUNEAU,25126.708668315812247,120.272727272727266,0.000000000000000,58.372700399999999,-134.178780700000004,25246.981395588540181,SEAK
KAKE,11151.953231292516648,57.909090909090907,7477.097505668933991,56.977698300000000,-133.904392800000011,18686.959827870541631,SEAK
KAKTOVIK,1734.875650260104067,1146.470588235294144,0.000000000000000,70.121206900000004,-143.629530600000010,2881.346238495398211,North
KARLUK,945.262838468720815,0.000000000000000,309.297052154195001,57.590375799999997,-154.364948499999997,1254.559890622915873,SCAK
KASAAN,902.992171471763299,14.000000000000000,1212.698412698412767,55.556100100000002,-132.399387800000000,2129.690584170175953,SEAK
KASILOF,644.406525573192198,0.000000000000000,0.000000000000000,60.322082799999997,-151.229245700000007,644.406525573192198,SCAK
KENAI,2418.828609221466195,124.190476190476190,18601.662887377173320,60.562274299999999,-151.207971399999991,21144.681972789116116,SCAK
KETCHIKAN,41220.920918367344711,275.545454545454561,0.000000000000000,55.357695499999998,-131.674711599999995,41496.466372912800580,SEAK
KIANA,12193.120284477427049,0.000000000000000,610.430839002267589,66.971321799999998,-160.437624499999998,12803.551123479694070,North
KING COVE,17750.190682333537552,43.909090909090907,4400.000000000000000,55.080061600000001,-162.321376200000003,22194.099773242629453,SCAK
KING ISLAND,0.000000000000000,15905.454545454545951,0.000000000000000,64.851699999999994,-166.111220000000003,15905.454545454545951,West
KING SALMON,16092.165844671202649,297.000000000000000,439.909297052154159,58.736337200000001,-156.525586099999998,16829.075141723355046,West
KIPNUK,2403.691818832796343,1108.421052631578959,0.000000000000000,59.940130300000000,-164.067409300000008,3512.112871464375530,West
KIVALINA,3966.999181153942573,3674.444444444444343,25.396825396825395,67.728579300000007,-164.539687799999996,7666.840450995212450,North
KLAWOCK,15878.845186559472495,372.272727272727252,14326.530612244898293,55.556339299999998,-133.087741300000005,30577.648526077096903,SEAK
KLUKWAN,1929.418205377389086,0.000000000000000,736.507936507936506,59.398161999999999,-135.889506500000010,2665.926141885325706,SEAK
KNIK RIVER,114.375000000000000,0.000000000000000,0.000000000000000,61.461609600000003,-149.008218499999998,114.375000000000000,SCAK
KODIAK,72478.174706246136338,345.545454545454561,37447.165532879822422,57.792316900000003,-152.404006600000002,110270.885693671414629,SCAK
KONGIGANAK,16610.849103277672839,343.636363636363626,0.000000000000000,59.964457500000002,-162.882863299999997,16954.485466914036806,West
KOTLIK,35838.261904761908227,5761.904761904761472,0.000000000000000,63.028874700000003,-163.535732099999990,41600.166666666671517,West
KOTZEBUE,45044.614795918365417,6245.909090909090992,327.891156462585002,66.870451700000004,-162.511447299999986,51618.415043290042377,North
KOYUK,12671.799999999999272,5802.000000000000000,0.000000000000000,64.939606900000001,-161.151272199999994,18473.799999999999272,West
KWIGILLINGOK,888.697017268445848,332.307692307692321,0.000000000000000,59.876315499999997,-163.158336499999990,1221.004709576138112,West
LARSEN BAY,2722.149983803044961,31.333333333333332,2776.039304610732870,57.550964499999999,-154.004902399999992,5529.522621747110861,SCAK
LEVELOCK,4962.465496804782561,1825.000000000000000,38.321995464852606,59.080210200000003,-156.905229300000002,6825.787492269635550,West
MANOKOTAK,11883.778396206967955,2248.636363636363512,1073.469387755102161,59.003785200000003,-158.995235699999995,15205.884147598433628,West
MEADOW LAKES,419.583333333333314,0.000000000000000,0.000000000000000,61.638205800000001,-149.609937000000002,419.583333333333314,SCAK
MEKORYUK,2669.071995464852534,351.000000000000000,0.000000000000000,60.370730500000001,-166.266987000000000,3020.071995464852534,West
METLAKATLA,2818.506683375104330,0.000000000000000,0.000000000000000,55.114698900000000,-131.555726200000009,2818.506683375104330,SEAK
MEYERS CHUCK,305.009537148192578,0.000000000000000,0.000000000000000,55.740830000000003,-132.256390000000010,305.009537148192578,SEAK
MOOSE PASS,154.596153846153840,0.000000000000000,0.000000000000000,60.505938499999999,-149.468363799999992,154.596153846153840,SCAK
NAKNEK,24078.762497423213063,525.000000000000000,1001.360544217686993,58.798572999999998,-156.904680000000013,25605.123041640901647,West
NANWALEK,8576.435062358275900,0.000000000000000,1483.068783068782977,59.326522500000003,-151.923902199999986,10059.503845427057968,SCAK
NAUKATI BAY,849.514424288233840,0.000000000000000,3560.997732426303628,55.877256699999997,-133.203423299999997,4410.512156714537923,SEAK
NELSON LAGOON,1320.092105263157919,39.473684210526315,0.000000000000000,55.898812700000001,-161.539712500000007,1359.565789473684163,West
NEWTOK,881.235487528344606,109.000000000000000,0.000000000000000,60.935052399999996,-164.645900600000004,990.235487528344606,West
NIGHTMUTE,1846.060212180110057,0.000000000000000,0.000000000000000,60.464283700000003,-164.836714599999993,1846.060212180110057,West
NIKISKI,464.881235827664398,0.000000000000000,0.000000000000000,60.724988300000000,-151.224023600000010,464.881235827664398,SCAK
NIKOLAEVSK,348.702947845804999,0.000000000000000,404.535147392290241,59.829552600000000,-151.596381500000007,753.238095238095184,SCAK
NIKOLSKI,525.396825396825420,0.000000000000000,92.063492063492063,52.999416500000002,-168.739748899999995,617.460317460317469,Aleutian
NINILCHIK,1209.979537846884796,12.000000000000000,5368.253968253968196,60.062246100000003,-151.404177199999992,6590.233506100852537,SCAK
NOATAK,12954.735914878772746,0.000000000000000,15.646258503401359,67.589497399999999,-163.010332199999993,12970.382173382173278,North
NOME,18047.461167800454859,4088.181818181818016,0.000000000000000,64.505735599999994,-165.415307200000001,22135.642985982274695,West
NOORVIK,27431.250000000000000,0.000000000000000,0.000000000000000,66.827182300000004,-161.029202999999995,27431.250000000000000,North
NUCHEK,0.000000000000000,149.333333333333343,0.000000000000000,60.333329999999997,-146.655280000000005,149.333333333333343,SCAK
NUIQSUT,5797.278911564625560,471.428571428571445,0.000000000000000,70.217101600000007,-150.995545099999987,6268.707482993197118,North
NUNAM IQUA,10993.200000000000728,3300.000000000000000,0.000000000000000,62.506534899999998,-164.900384000000003,14293.200000000000728,West
OLD HARBOR,3896.080498866213020,52.818181818181820,2768.405139833711019,57.220039999999997,-153.330497799999989,6717.303820518105567,SCAK
OLIKTOK LRRS AIRPORT,43.750000000000000,0.000000000000000,0.000000000000000,70.499709999999993,-149.879529999999988,43.750000000000000,North
OUZINKIE,5368.578798185941196,4.666666666666667,1512.320483749055256,57.925058200000002,-152.461655799999988,6885.565948601662967,SCAK
PALMER,20744.542877757165115,0.000000000000000,0.000000000000000,61.597369000000000,-149.114763500000009,20744.542877757165115,SCAK
PELICAN,1925.261595547309753,66.818181818181813,0.000000000000000,57.959800100000002,-136.216752700000001,1992.079777365491509,SEAK
PERRYVILLE,9230.854903628118336,0.000000000000000,2085.714285714285779,55.930191200000003,-159.146431500000006,11316.569189342404570,SCAK
PETERS CREEK,72.062500000000000,0.000000000000000,0.000000000000000,61.411110000000001,-149.445560000000000,72.062500000000000,SCAK
PETERSBURG,105406.802927231488866,140.000000000000000,1217801.360544217750430,56.763208900000002,-132.875740500000006,1323348.163471449166536,SEAK
PILOT POINT,2825.552631578947512,1.473684210526316,0.000000000000000,57.543636800000002,-157.719016299999993,2827.026315789473756,West
PLATINUM,1349.666666666666742,30.000000000000000,0.000000000000000,58.951277900000001,-161.747491300000007,1379.666666666666742,West
POINT BAKER,802.983888292158895,0.000000000000000,1257.596371882086032,56.348131700000003,-133.616794199999987,2060.580260174244813,SEAK
POINT HOPE,28.477272727272727,19345.000000000000000,0.000000000000000,68.343945700000006,-166.672879899999998,19373.477272727272066,North
POINT LAY,9.556818181818182,21936.818181818180165,0.000000000000000,69.742064999999997,-162.758207400000003,21946.375000000000000,North
PORT ALEXANDER,1089.189279415469855,0.000000000000000,0.000000000000000,56.235218000000003,-134.653498500000012,1089.189279415469855,SEAK
PORT GRAHAM,6629.752947845804556,14.000000000000000,1246.560846560846585,59.339790100000002,-151.846501300000000,7890.313794406651141,SCAK
PORT HEIDEN,1146.881578947368325,38.736842105263158,0.000000000000000,56.964176799999997,-158.580634800000013,1185.618421052631447,West
PORT LIONS,5725.953514739228922,150.181818181818187,2134.240362811791329,57.877612800000001,-152.865807700000005,8010.375695732838722,SCAK
PORT MOLLER,823.500000000000000,0.000000000000000,0.000000000000000,55.988610000000001,-160.576940000000008,823.500000000000000,West
PORT WILLIAMS,210.884353741496568,0.000000000000000,0.000000000000000,58.492220000000003,-152.582780000000014,210.884353741496568,SCAK
PORTAGE CREEK,601.017857142857110,0.000000000000000,0.000000000000000,58.904908399999997,-157.669052200000010,601.017857142857110,West
PRUDHOE BAY,40.375000000000000,0.000000000000000,0.000000000000000,70.366209699999999,-148.745528600000000,40.375000000000000,North
QUINHAGAK,41396.807178932176612,1071.363636363636260,0.000000000000000,59.755440700000001,-161.899796400000014,42468.170815295816283,West
ROWAN BAY,54.000000000000000,0.000000000000000,0.000000000000000,56.668360000000000,-134.262910000000005,54.000000000000000,SEAK
SAND POINT,19579.065084764064522,39.047619047619051,4894.784580498866490,55.313368300000000,-160.483552400000008,24512.897284310551186,SCAK
SAVOONGA,1848.874193267050487,269994.615384615375660,0.000000000000000,63.680765500000000,-170.482781899999992,271843.489577882399317,West
SAXMAN,970.180672268907529,0.000000000000000,0.000000000000000,55.322820100000001,-131.588969200000008,970.180672268907529,SEAK
SCAMMON BAY,15447.543212739641604,4074.545454545454504,0.000000000000000,61.842624499999999,-165.583265799999992,19522.088667285097472,West
SECURITY BAY,340.000000000000000,0.000000000000000,0.000000000000000,56.838059999999999,-134.327499999999986,340.000000000000000,SEAK
SELAWIK,10521.667120181406062,0.000000000000000,0.000000000000000,66.590751200000000,-160.001205999999996,10521.667120181406062,North
SELDOVIA,4715.933646474462876,14.000000000000000,4788.057445200302027,59.439714700000003,-151.711735599999997,9517.991091674764903,SCAK
SEWARD,681.520949288806378,0.636363636363636,0.000000000000000,60.124786299999997,-149.391580800000014,682.157312925170004,SCAK
SHAKTOOLIK,20124.727272727272066,9070.909090909090082,0.000000000000000,64.359085800000003,-161.201100099999991,29195.636363636360329,West
SHISHMAREF,2887.985544217687220,14941.571428571429351,774.603174603174580,66.234999099999996,-166.119138700000008,18604.160147392292856,North
SITKA,86139.955370026800665,1086.636363636363740,111185.034013605443761,57.142508499999998,-135.332623600000005,198411.625747268612031,SEAK
SKAGWAY,723.376842403628075,0.000000000000000,0.000000000000000,59.464360399999997,-135.275150599999989,723.376842403628075,SEAK
SOLDOTNA,1105.721683673469443,0.000000000000000,0.000000000000000,60.484995800000000,-151.068753799999996,1105.721683673469443,SCAK
SOUTH NAKNEK,6720.824561403508596,0.000000000000000,103.628117913832199,58.658126500000002,-157.011738400000013,6824.452679317340881,West
ST. GEORGE,717.913832199546505,0.000000000000000,87.981859410430843,56.570518700000001,-169.598681099999993,805.895691609977348,West
ST. MICHAELS,11214.613636363636033,4799.545454545454959,0.000000000000000,63.464848199999999,-162.129262299999994,16014.159090909091901,West
ST. PAUL,2427.709467120181216,0.000000000000000,407.709750566893433,57.179041099999999,-170.325068399999992,2835.419217687074706,West
STEBBINS,19715.329545454544132,7875.000000000000000,0.000000000000000,63.434613800000001,-162.277634799999987,27590.329545454544132,West
STERLING,229.133040935672511,0.000000000000000,0.000000000000000,60.540373400000000,-150.806786899999992,229.133040935672511,SCAK
SUTTON-ALPINE,1433.302631578947285,0.000000000000000,0.000000000000000,61.730711100000001,-148.878445800000009,1433.302631578947285,SCAK
TATITLEK,1861.042737465356367,14.000000000000000,312.653061224489761,60.897950899999998,-146.679567800000001,2187.695798689846015,SCAK
TELLER,10334.764705882353155,508.235294117647072,0.000000000000000,65.251655299999996,-166.351171800000003,10843.000000000000000,West
TENAKEE SPRINGS,828.905423280423292,0.000000000000000,0.000000000000000,57.790054400000002,-135.135445900000008,828.905423280423292,SEAK
THORNE BAY,5411.110487528344493,0.000000000000000,6209.523809523809177,55.667154799999999,-132.535605299999986,11620.634297052154579,SEAK
TOGIAK,16141.197250566892762,1027.500000000000000,1039.002267573696145,59.040615600000002,-160.431476099999998,18207.699518140587315,West
TOKSOOK BAY,6496.962791177076724,2332.272727272727479,0.000000000000000,60.528959999999998,-165.105835899999988,8829.235518449804658,West
TUNTUTULIAK,55565.767636684300669,0.000000000000000,0.000000000000000,60.412290900000002,-162.668759499999993,55565.767636684300669,West
TUNUNAK,3778.789540816326280,135.000000000000000,0.000000000000000,60.607990700000002,-165.120790000000000,3913.789540816326280,West
TWIN HILLS,648.124829931972840,540.000000000000000,131.519274376417229,59.100181499999998,-160.309261600000013,1319.644104308390069,West
TYONEK,10973.031477503282076,0.000000000000000,112.471655328798178,61.107586800000000,-151.396552000000014,11085.503132832080155,SCAK
UGANIK BAY,24.000000000000000,0.000000000000000,0.000000000000000,57.670589999999997,-153.514530000000008,24.000000000000000,SCAK
UGASHIK,1274.109375000000000,0.875000000000000,0.000000000000000,57.647526700000000,-156.994899299999986,1274.984375000000000,
UNALAKLEET,56084.500000000000000,6047.619047619047706,0.000000000000000,63.893306699999997,-160.796644899999990,62132.119047619045887,West
UNALASKA,13947.350992063491503,0.000000000000000,22738.775510204079183,53.913312400000002,-166.525080300000013,36686.126502267572505,Aleutian
VALDEZ,14003.743815708101465,504.636363636363626,7874.074074074073906,61.083367199999998,-146.320283899999993,22382.454253418538428,SCAK
VOZNESENKA,4669.841269841269423,0.000000000000000,410.884353741496568,59.794570000000000,-151.098639999999989,5080.725623582766275,SCAK
WAINWRIGHT,41.194444444444443,21302.777777777777374,0.000000000000000,70.647390599999994,-160.001532900000001,21343.972222222222626,North
WALES,433.720721621982136,5022.941176470588289,1607.709750566893263,65.614193499999999,-168.081118000000004,7064.371648659463972,West
WASILLA,32832.590213358067558,0.000000000000000,0.000000000000000,61.575239799999999,-149.456839800000012,32832.590213358067558,SCAK
WHALE PASS,462.197959183673447,0.000000000000000,3785.941043083899785,56.126699199999997,-133.197685500000006,4248.139002267573233,SEAK
WHITE MOUNTAIN,12073.902777777777374,1925.000000000000000,0.000000000000000,64.681830500000004,-163.411927999999989,13998.902777777777374,West
WHITESTONE LOGGING CAMP,765.986394557823132,0.000000000000000,1520.634920634920491,58.065379700000001,-135.420477400000010,2286.621315192743623,SEAK
WHITTIER,398.184850863422298,0.000000000000000,1131.519274376417115,60.776682800000003,-148.664642299999997,1529.704125239839414,SCAK
WILLOW,1594.500000000000000,0.000000000000000,0.000000000000000,61.812522700000002,-149.855993600000005,1594.500000000000000,SCAK
WRANGELL,10681.702704891480607,53.333333333333336,0.000000000000000,56.279120599999999,-132.040325499999994,10735.036038224814547,SEAK
YAKUTAT,33618.580447330445168,377.363636363636374,15621.315192743762964,59.563587800000001,-139.606190499999997,49617.259276437842345,SEAK
YES BAY,900.000000000000000,0.000000000000000,0.000000000000000,55.913330000000002,-131.793610000000001,900.000000000000000,SEAK
